"Status","Start Time","Stop Time","Duration in ms","Parent Suite","Suite","Sub Suite","Test Class","Test Method","Name","Description"
"passed","Sat Dec 19 13:57:46 CST 2020","Sat Dec 19 13:57:46 CST 2020","0","","test_work2","TestCalc","","","test_div[4.5-2-2.25]",""
"passed","Sat Dec 19 13:57:45 CST 2020","Sat Dec 19 13:57:45 CST 2020","0","","test_calc","TestCalc","","","test_add[bigint]",""
"passed","Sat Dec 19 13:57:45 CST 2020","Sat Dec 19 13:57:45 CST 2020","0","","test_calc","TestCalc","","","test_div[4.5-2-2.25]",""
"passed","Sat Dec 19 13:57:46 CST 2020","Sat Dec 19 13:57:46 CST 2020","1","","test_setup","","","","test_four",""
"passed","Sat Dec 19 13:57:46 CST 2020","Sat Dec 19 13:57:46 CST 2020","0","","test_work2","TestCalc","","","test_sub[10-2-8]",""
"passed","Sat Dec 19 13:57:46 CST 2020","Sat Dec 19 13:57:46 CST 2020","3","","test_steps","","","","test_foo",""
"passed","Sat Dec 19 13:57:45 CST 2020","Sat Dec 19 13:57:45 CST 2020","0","","test_work2","TestCalc","","","test_mul[0-0-0]",""
"passed","Sat Dec 19 13:57:45 CST 2020","Sat Dec 19 13:57:45 CST 2020","0","","test_calc","TestCalc","","","test_mul[1.555-2-3.11]",""
"passed","Sat Dec 19 13:57:45 CST 2020","Sat Dec 19 13:57:45 CST 2020","0","","test_calc","TestCalc","","","test_mul[1-2-2]",""
"passed","Sat Dec 19 13:57:46 CST 2020","Sat Dec 19 13:57:46 CST 2020","1","","test_parm_yaml","","","","test_add[minus]",""
"passed","Sat Dec 19 13:57:45 CST 2020","Sat Dec 19 13:57:45 CST 2020","0","","test_work2","TestCalc","","","test_mul[1-2-2]",""
"passed","Sat Dec 19 13:57:46 CST 2020","Sat Dec 19 13:57:46 CST 2020","0","","test_parm_yaml","","","","test_add[int]",""
"passed","Sat Dec 19 13:57:46 CST 2020","Sat Dec 19 13:57:46 CST 2020","0","","test_setup","","","","test_three",""
"passed","Sat Dec 19 13:57:45 CST 2020","Sat Dec 19 13:57:45 CST 2020","0","","test_work2","TestCalc","","","test_add[bigint]",""
"passed","Sat Dec 19 13:57:45 CST 2020","Sat Dec 19 13:57:45 CST 2020","1","","test_calc","TestCalc","","","test_mul[100-1000-100000]",""
"failed","Sat Dec 19 13:57:46 CST 2020","Sat Dec 19 13:57:46 CST 2020","1","","test_one","","","","test_answer[5-5]",""
"failed","Sat Dec 19 13:57:45 CST 2020","Sat Dec 19 13:57:45 CST 2020","0","","test_calc","TestCalc","","","test_sub[8.216-5.1-3.116]",""
"failed","Sat Dec 19 13:57:45 CST 2020","Sat Dec 19 13:57:45 CST 2020","1","","test_work2","TestCalc","","","test_add[deci]",""
"passed","Sat Dec 19 13:57:46 CST 2020","Sat Dec 19 13:57:46 CST 2020","1","","test_setup","TestClass","","","test_one",""
"passed","Sat Dec 19 13:57:46 CST 2020","Sat Dec 19 13:57:46 CST 2020","0","","test_work2","TestCalc","","","test_sub[1000-2-998]",""
"passed","Sat Dec 19 13:57:45 CST 2020","Sat Dec 19 13:57:45 CST 2020","1","","test_fixture","Test_firstFile","","","test_one[参数1]",""
"passed","Sat Dec 19 13:57:46 CST 2020","Sat Dec 19 13:57:46 CST 2020","0","","test_one","TestDemo","","","test_a",""
"passed","Sat Dec 19 13:57:45 CST 2020","Sat Dec 19 13:57:45 CST 2020","0","","test_work2","TestCalc","","","test_add[minus]",""
"passed","Sat Dec 19 13:57:45 CST 2020","Sat Dec 19 13:57:45 CST 2020","1","","test_chajian","Test_demo","","","test_three_2",""
"passed","Sat Dec 19 13:57:46 CST 2020","Sat Dec 19 13:57:46 CST 2020","0","","test_one","","","","test_answer[1-2]",""
"passed","Sat Dec 19 13:57:45 CST 2020","Sat Dec 19 13:57:45 CST 2020","1","","test_calc","TestCalc","","","test_sub[-1--3-2]",""
"passed","Sat Dec 19 13:57:46 CST 2020","Sat Dec 19 13:57:46 CST 2020","1","","test_setup","TestClass","","","test_two",""
"passed","Sat Dec 19 13:57:45 CST 2020","Sat Dec 19 13:57:45 CST 2020","0","","test_calc","TestCalc","","","test_mul[-8--9-72]",""
"passed","Sat Dec 19 13:57:46 CST 2020","Sat Dec 19 13:57:46 CST 2020","0","","test_one","","","","test_answer1",""
"passed","Sat Dec 19 13:57:46 CST 2020","Sat Dec 19 13:57:46 CST 2020","2","","test_one","TestDemo","","","test_c",""
"passed","Sat Dec 19 13:57:45 CST 2020","Sat Dec 19 13:57:45 CST 2020","0","","test_mark","TestOne","","","test_one",""
"passed","Sat Dec 19 13:57:45 CST 2020","Sat Dec 19 13:57:45 CST 2020","0","","test_work2","TestCalc","","","test_mul[1.555-2-3.11]",""
"failed","Sat Dec 19 13:57:45 CST 2020","Sat Dec 19 13:57:45 CST 2020","0","","test_calc","TestCalc","","","test_add[deci]",""
"passed","Sat Dec 19 13:57:45 CST 2020","Sat Dec 19 13:57:45 CST 2020","1","","test_fixture","Test_firstFile","","","test_three[--参数2]",""
"failed","Sat Dec 19 13:57:46 CST 2020","Sat Dec 19 13:57:46 CST 2020","1","","test_work2","TestCalc","","","test_sub[8.216-5.1-3.116]",""
"passed","Sat Dec 19 13:57:46 CST 2020","Sat Dec 19 13:57:46 CST 2020","0","","test_work2","TestCalc","","","test_div[5-5-1]",""
"passed","Sat Dec 19 13:57:45 CST 2020","Sat Dec 19 13:57:45 CST 2020","0","","test_fixture","Test_firstFile","","","test_three[--参数1]",""
"passed","Sat Dec 19 13:57:45 CST 2020","Sat Dec 19 13:57:45 CST 2020","0","","test_chajian","Test_demo","","","test_three_1",""
"passed","Sat Dec 19 13:57:45 CST 2020","Sat Dec 19 13:57:45 CST 2020","0","","test_calc","TestCalc","","","test_add[int]",""
"passed","Sat Dec 19 13:57:45 CST 2020","Sat Dec 19 13:57:45 CST 2020","1","","test_work2","TestCalc","","","test_mul[-8--9-72]",""
"passed","Sat Dec 19 13:57:45 CST 2020","Sat Dec 19 13:57:45 CST 2020","0","","test_mark","TestOne","","","test_two",""
"failed","Sat Dec 19 13:57:45 CST 2020","Sat Dec 19 13:57:45 CST 2020","1","","test_one","","","","test_answer[1-1]",""
"passed","Sat Dec 19 13:57:45 CST 2020","Sat Dec 19 13:57:45 CST 2020","0","","test_calc","TestCalc","","","test_add[minus]",""
"passed","Sat Dec 19 13:57:45 CST 2020","Sat Dec 19 13:57:45 CST 2020","0","","test_calc","TestCalc","","","test_div[999-111-9]",""
"passed","Sat Dec 19 13:57:46 CST 2020","Sat Dec 19 13:57:46 CST 2020","1","","test_parm_yaml","","","","test_add[bigint]",""
"passed","Sat Dec 19 13:57:45 CST 2020","Sat Dec 19 13:57:45 CST 2020","1","","test_chajian","Test_demo","","","test_three_0",""
"passed","Sat Dec 19 13:57:45 CST 2020","Sat Dec 19 13:57:45 CST 2020","0","","test_calc","TestCalc","","","test_sub[10-2-8]",""
"passed","Sat Dec 19 13:57:46 CST 2020","Sat Dec 19 13:57:46 CST 2020","0","","test_work2","TestCalc","","","test_div[-3--1-3]",""
"passed","Sat Dec 19 13:57:45 CST 2020","Sat Dec 19 13:57:45 CST 2020","0","","test_work2","TestCalc","","","test_add[int]",""
"passed","Sat Dec 19 13:57:46 CST 2020","Sat Dec 19 13:57:46 CST 2020","0","","test_one","TestDemo","","","test_b",""
"passed","Sat Dec 19 13:57:45 CST 2020","Sat Dec 19 13:57:45 CST 2020","0","","test_calc","TestCalc","","","test_sub[1000-2-998]",""
"passed","Sat Dec 19 13:57:45 CST 2020","Sat Dec 19 13:57:45 CST 2020","0","","test_fixture","Test_firstFile","","","test_one[参数2]",""
"passed","Sat Dec 19 13:57:46 CST 2020","Sat Dec 19 13:57:46 CST 2020","1","","test_work2","TestCalc","","","test_sub[-1--3-2]",""
"passed","Sat Dec 19 13:57:45 CST 2020","Sat Dec 19 13:57:45 CST 2020","0","","test_calc","TestCalc","","","test_div[4-4-1]",""
"passed","Sat Dec 19 13:57:45 CST 2020","Sat Dec 19 13:57:45 CST 2020","1","","test_calc","TestCalc","","","test_div[-3-2--1.5]",""
"passed","Sat Dec 19 13:57:45 CST 2020","Sat Dec 19 13:57:45 CST 2020","2","","test_fixture","Test_firstFile","","","test_two",""
